ID;REFERENCIA;NOMBRE;MARCA;REF_FABRICANTE;TIPO;FAMILIA;UNIDAD;COSTE;PVP;ACTIVO;OBSERVACIONES
1;SHY-0001;Shelly 1 Mini Gen3;Shelly;1 Mini Gen3;Hardware;Relés y control;Unidad;10,00;11,76;SI;Tarifa instalador junio 2026 (dto 15%)
2;SHY-0002;Shelly 1 Mini Gen4;Shelly;1 Mini Gen4;Hardware;Relés y control;Unidad;14,28;16,80;SI;Tarifa instalador junio 2026 (dto 15%)
3;SHY-0003;Shelly 1 Gen3;Shelly;1 Gen3;Hardware;Relés y control;Unidad;10,00;11,76;SI;Tarifa instalador junio 2026 (dto 15%)
4;SHY-0004;Shelly 1 Gen4;Shelly;1 Gen4;Hardware;Relés y control;Unidad;14,28;16,80;SI;Tarifa instalador junio 2026 (dto 15%)
5;SHY-0005;Shelly 1PM Gen3;Shelly;1PM Gen3;Hardware;Relés y control;Unidad;10,71;12,60;SI;Tarifa instalador junio 2026 (dto 15%)
6;SHY-0006;Shelly 1PM Gen4;Shelly;1PM Gen4;Hardware;Relés y control;Unidad;15,71;18,48;SI;Tarifa instalador junio 2026 (dto 15%)
7;SHY-0007;Shelly 2PM Gen3;Shelly;2PM Gen3;Hardware;Relés y control;Unidad;14,28;16,80;SI;Tarifa instalador junio 2026 (dto 15%)
8;SHY-0008;Shelly 2PM Gen4;Shelly;2PM Gen4;Hardware;Relés y control;Unidad;21,42;25,20;SI;Tarifa instalador junio 2026 (dto 15%)
9;SHY-0009;Shelly Pro RGBWW PM;Shelly;Pro RGBWW PM;Hardware;Iluminación;Unidad;45,79;57,24;SI;Tarifa instalador junio 2026 (dto 20%)
10;SHY-0010;Shelly EM Gen3;Shelly;EM Gen3;Hardware;Enchufes y consumo;Unidad;38,98;48,73;SI;Tarifa instalador junio 2026 (dto 20%)
11;SHY-0011;Shelly Presence Gen4 Black;Shelly;Presence Gen4 Black;Hardware;Sensores;Unidad;62,10;69,00;SI;Tarifa instalador junio 2026 (dto 10%)
12;SHY-0012;Shelly Presence Gen4 White;Shelly;Presence Gen4 White;Hardware;Sensores;Unidad;62,10;69,00;SI;Tarifa instalador junio 2026 (dto 10%)
13;SHY-0013;Shelly Dimmer Gen4;Shelly;Dimmer Gen4;Hardware;Iluminación;Unidad;28,56;33,60;SI;Tarifa instalador junio 2026 (dto 15%)
14;SHY-0014;Shelly Plus Uni- Implante con 2 micro relés;Shelly;Plus Uni- Implante con 2 micro relés;Hardware;Relés y control;Unidad;12,67;14,90;SI;Tarifa instalador junio 2026 (dto 15%)
15;SHY-0015;Relé Shelly EM 50A -medidor de consumo Wi-Fi;Shelly;EM 50A -medidor de consumo Wi-Fi;Hardware;Enchufes y consumo;Unidad;39,92;49,90;SI;Tarifa instalador junio 2026 (dto 20%)
16;SHY-0016;Shelly Pro Dimmer 2PM;Shelly;Pro Dimmer 2PM;Hardware;Iluminación;Unidad;57,26;71,57;SI;Tarifa instalador junio 2026 (dto 20%)
17;SHY-0017;Shelly Pro Dimmer 1PM;Shelly;Pro Dimmer 1PM;Hardware;Iluminación;Unidad;47,04;58,80;SI;Tarifa instalador junio 2026 (dto 20%)
18;SHY-0018;Shelly Pro Dimmer 0/1-10V PM;Shelly;Pro Dimmer 0/1-10V PM;Hardware;Iluminación;Unidad;54,89;68,61;SI;Tarifa instalador junio 2026 (dto 20%)
19;SHY-0019;Rele Shelly Pro 1;Shelly;Pro 1;Hardware;Relés y control;Unidad;39,63;49,54;SI;Tarifa instalador junio 2026 (dto 20%)
20;SHY-0020;Rele Shelly Pro 2;Shelly;Pro 2;Hardware;Relés y control;Unidad;46,81;58,51;SI;Tarifa instalador junio 2026 (dto 20%)
21;SHY-0021;Rele Shelly Pro 1 PM;Shelly;Pro 1 PM;Hardware;Enchufes y consumo;Unidad;50,53;63,16;SI;Tarifa instalador junio 2026 (dto 20%)
22;SHY-0022;Shelly pro 2PM;Shelly;pro 2PM;Hardware;Relés y control;Unidad;66,75;83,44;SI;Tarifa instalador junio 2026 (dto 20%)
23;SHY-0023;Rele Shelly Pro 4PM;Shelly;Pro 4PM;Hardware;Relés y control;Unidad;78,32;97,90;SI;Tarifa instalador junio 2026 (dto 20%)
24;SHY-0024;Shelly Pro EM - 50;Shelly;Pro EM - 50;Hardware;Enchufes y consumo;Unidad;67,92;84,90;SI;Tarifa instalador junio 2026 (dto 20%)
25;SHY-0025;Shelly Pro 3EM - 120A Contador trifásico;Shelly;Pro 3EM - 120A Contador trifásico;Hardware;Enchufes y consumo;Unidad;105,64;132,05;SI;Tarifa instalador junio 2026 (dto 20%)
26;SHY-0026;Shelly Pro 3EM 120A v2;Shelly;Pro 3EM 120A v2;Hardware;Enchufes y consumo;Unidad;112,24;132,05;SI;Tarifa instalador junio 2026 (dto 15%)
27;SHY-0027;Shelly Pro 3EM-400A;Shelly;Pro 3EM-400A;Hardware;Enchufes y consumo;Unidad;183,20;229,00;SI;Tarifa instalador junio 2026 (dto 20%)
28;SHY-0028;Shelly Pro 3EM-3CT63;Shelly;Pro 3EM-3CT63;Hardware;Enchufes y consumo;Unidad;87,20;109,00;SI;Tarifa instalador junio 2026 (dto 20%)
29;SHY-0029;Shelly Pro 3EM Switch Add-On;Shelly;Pro 3EM Switch Add-On;Hardware;Enchufes y consumo;Unidad;19,88;24,85;SI;Tarifa instalador junio 2026 (dto 20%)
30;SHY-0030;Shelly 120A Current Transf. Pro 3EM;Shelly;120A Current Transf. Pro 3EM;Hardware;Enchufes y consumo;Unidad;12,33;14,50;SI;Tarifa instalador junio 2026 (dto 15%)
31;SHY-0031;Shelly 400A Current Transf. Pro 3EM-400;Shelly;400A Current Transf. Pro 3EM-400;Hardware;Enchufes y consumo;Unidad;42,42;49,90;SI;Tarifa instalador junio 2026 (dto 15%)
32;SHY-0032;Shelly Pro LoRa Add-on;Shelly;Pro LoRa Add-on;Hardware;Red y conectividad;Unidad;46,67;54,90;SI;Tarifa instalador junio 2026 (dto 15%)
33;SHY-0033;V2C PINZA ADICIONAL FOTOVOLTAICA 100A;;;Hardware;Enchufes y consumo;Unidad;22,33;26,27;SI;Tarifa instalador junio 2026 (dto 15%)
34;SHY-0034;FrankEver Sprinkler Controller FK-06X;FrankEver;;Hardware;Persianas y motores;Unidad;74,36;87,48;SI;Tarifa instalador junio 2026 (dto 15%)
35;SHY-0035;Shelly Qubino Wave 1;Shelly;Qubino Wave 1;Hardware;Relés y control;Unidad;28,90;34,00;SI;Tarifa instalador junio 2026 (dto 15%)
36;SHY-0036;Shelly Qubino Wave Pro 1;Shelly;Qubino Wave Pro 1;Hardware;Relés y control;Unidad;50,40;63,00;SI;Tarifa instalador junio 2026 (dto 20%)
37;SHY-0037;Shelly Qubino Wave 1PM;Shelly;Qubino Wave 1PM;Hardware;Relés y control;Unidad;29,75;35,00;SI;Tarifa instalador junio 2026 (dto 15%)
38;SHY-0038;Shelly Qubino Wave 2PM;Shelly;Qubino Wave 2PM;Hardware;Relés y control;Unidad;32,30;38,00;SI;Tarifa instalador junio 2026 (dto 15%)
39;SHY-0039;Shelly Qubino Wave Pro 2PM;Shelly;Qubino Wave Pro 2PM;Hardware;Relés y control;Unidad;82,40;103,00;SI;Tarifa instalador junio 2026 (dto 20%)
40;SHY-0040;Shelly Qubino Wave Persiana;Shelly;Qubino Wave Persiana;Hardware;Persianas y motores;Unidad;32,30;38,00;SI;Tarifa instalador junio 2026 (dto 15%)
41;SHY-0041;Shelly Wave i4 LR;Shelly;Wave i4 LR;Hardware;Relés y control;Unidad;26,35;31,00;SI;Tarifa instalador junio 2026 (dto 15%)
42;SHY-0042;Shelly Wave Dimmer (2025);Shelly;Wave Dimmer (2025);Hardware;Iluminación;Unidad;43,35;51,00;SI;Tarifa instalador junio 2026 (dto 15%)
43;SHY-0043;Shelly DALI Dimmer Gen3;Shelly;DALI Dimmer Gen3;Hardware;Iluminación;Unidad;30,71;36,13;SI;Tarifa instalador junio 2026 (dto 15%)
44;SHY-0044;Shelly BLU Door/Window ZB Blanco;Shelly;BLU Door/Window ZB Blanco;Hardware;Sensores;Unidad;12,33;14,50;SI;Tarifa instalador junio 2026 (dto 15%)
45;SHY-0045;Shelly BLU Door/Window ZB Marron;Shelly;BLU Door/Window ZB Marron;Hardware;Sensores;Unidad;12,33;14,50;SI;Tarifa instalador junio 2026 (dto 15%)
46;SHY-0046;Shelly BLU H&T ZB Black;Shelly;BLU H&T ZB Black;Hardware;Sensores;Unidad;13,39;15,75;SI;Tarifa instalador junio 2026 (dto 15%)
47;SHY-0047;Shelly BLU H&T ZB Ivory;Shelly;BLU H&T ZB Ivory;Hardware;Sensores;Unidad;13,39;15,75;SI;Tarifa instalador junio 2026 (dto 15%)
48;SHY-0048;Shelly BLU H&T ZB Mocha;Shelly;BLU H&T ZB Mocha;Hardware;Sensores;Unidad;13,39;15,75;SI;Tarifa instalador junio 2026 (dto 15%)
49;SHY-0049;Shelly Cable Bracket 10-pack for Leak Sensor Cable;Shelly;Cable Bracket 10-pack for Leak Sensor Cable;Hardware;Sensores;Unidad;1,45;1,70;SI;Tarifa instalador junio 2026 (dto 15%)
50;SHY-0050;Shelly BLU Button Tough 1 ZB Black;Shelly;BLU Button Tough 1 ZB Black;Hardware;Sensores;Unidad;12,67;14,91;SI;Tarifa instalador junio 2026 (dto 15%)
51;SHY-0051;Shelly BLU Button Tough 1 ZB Ivory;Shelly;BLU Button Tough 1 ZB Ivory;Hardware;Sensores;Unidad;12,67;14,91;SI;Tarifa instalador junio 2026 (dto 15%)
52;SHY-0052;Shelly BLU Button Tough 1 ZB Mocha;Shelly;BLU Button Tough 1 ZB Mocha;Hardware;Sensores;Unidad;12,67;14,91;SI;Tarifa instalador junio 2026 (dto 15%)
53;SHY-0053;Shelly BLU RC Button 4 ZB;Shelly;BLU RC Button 4 ZB;Hardware;Sensores;Unidad;13,52;15,90;SI;Tarifa instalador junio 2026 (dto 15%)
54;SHY-0054;Shelly Wall Display XL Silver;Shelly;Wall Display XL Silver;Hardware;Relés y control;Unidad;206,98;243,50;SI;Tarifa instalador junio 2026 (dto 15%)
55;SHY-0055;Shelly Wall Display XL- BLACK;Shelly;Wall Display XL- BLACK;Hardware;Relés y control;Unidad;206,98;243,50;SI;Tarifa instalador junio 2026 (dto 15%)
56;SHY-0056;Shelly Wall Display X2i- SILVER;Shelly;Wall Display X2i- SILVER;Hardware;Relés y control;Unidad;128,61;151,30;SI;Tarifa instalador junio 2026 (dto 15%)
57;SHY-0057;Shelly Wall Display X2i- Negro;Shelly;Wall Display X2i- Negro;Hardware;Relés y control;Unidad;128,61;151,30;SI;Tarifa instalador junio 2026 (dto 15%)
58;SHY-0058;Shelly Wall Display Stand White;Shelly;Wall Display Stand White;Hardware;Relés y control;Unidad;16,07;18,90;SI;Tarifa instalador junio 2026 (dto 15%)
59;SHY-0059;Shelly Wall Switch Adapter - Busch-Jaeger;Shelly;Wall Switch Adapter - Busch-Jaeger;Hardware;Red y conectividad;Unidad;3,32;3,90;SI;Tarifa instalador junio 2026 (dto 15%)
60;SHY-0060;Shelly Wall Switch Adapter - Legrand;Shelly;Wall Switch Adapter - Legrand;Hardware;Red y conectividad;Unidad;3,32;3,90;SI;Tarifa instalador junio 2026 (dto 15%)
61;SHY-0061;Shelly Wall Switch Adapter - Gira /Merten;Shelly;Wall Switch Adapter - Gira /Merten;Hardware;Red y conectividad;Unidad;3,32;3,90;SI;Tarifa instalador junio 2026 (dto 15%)
62;SHY-0062;Base de alimentación Shelly para Wall Display - 2 salidas (i-series);Shelly;Base de alimentación Shelly para Wall Display - 2 salidas (i-series);Hardware;Relés y control;Unidad;16,92;19,90;SI;Tarifa instalador junio 2026 (dto 15%)
63;SHY-0063;Shelly Socket for Wall Display Stand White;Shelly;Socket for Wall Display Stand White;Hardware;Relés y control;Unidad;2,47;2,90;SI;Tarifa instalador junio 2026 (dto 15%)
64;SHY-0064;Shelly Socket for Wall Display Stand Black;Shelly;Socket for Wall Display Stand Black;Hardware;Relés y control;Unidad;2,47;2,90;SI;Tarifa instalador junio 2026 (dto 15%)
65;SHY-0065;Shelly Button Add-On White;Shelly;Button Add-On White;Hardware;Sensores;Unidad;5,02;5,90;SI;Tarifa instalador junio 2026 (dto 15%)
66;SHY-0066;Shelly Button Add-On Black;Shelly;Button Add-On Black;Hardware;Sensores;Unidad;5,02;5,90;SI;Tarifa instalador junio 2026 (dto 15%)
67;SHY-0067;The Pill by Shelly;Shelly;The Pill by Shelly;Hardware;Relés y control;Unidad;7,01;8,25;SI;Tarifa instalador junio 2026 (dto 15%)
68;SHY-0068;Splitter 1 to 5 - 3.5 mm Jack (Shelly Pill);Shelly;Splitter 1 to 5 - 3.5 mm Jack (Shelly Pill);Hardware;Relés y control;Unidad;3,23;3,80;SI;Tarifa instalador junio 2026 (dto 15%)
69;SHY-0069;Analog 0 - 30V Add-on (Shelly Pill);Shelly;Analog 0 - 30V Add-on (Shelly Pill);Hardware;Red y conectividad;Unidad;4,42;5,20;SI;Tarifa instalador junio 2026 (dto 15%)
70;SHY-0070;SSR Add-on (Shelly Pill);Shelly;SSR Add-on (Shelly Pill);Hardware;Red y conectividad;Unidad;7,99;9,40;SI;Tarifa instalador junio 2026 (dto 15%)
71;SHY-0071;Micro USB to 5 Terminal Add-on (Shelly Pill);Shelly;Micro USB to 5 Terminal Add-on (Shelly Pill);Hardware;Red y conectividad;Unidad;5,02;5,90;SI;Tarifa instalador junio 2026 (dto 15%)
72;SHY-0072;Temperature Sensor DS18B20 3.5 mm jack (1 meter);;;Hardware;Sensores;Unidad;2,89;3,40;SI;Tarifa instalador junio 2026 (dto 15%)
73;SHY-0073;DC 12V/1A Power adaptor - 20m (WS90);;;Hardware;Relés y control;Unidad;40,50;45,00;SI;Tarifa instalador junio 2026 (dto 10%)
74;SHY-0074;LightSolutions Hilux DS8 Blanco;;;Hardware;Relés y control;Unidad;34,20;38,00;SI;Tarifa instalador junio 2026 (dto 10%)
75;SHY-0075;LightSolutions Hilux DS8 Negro;;;Hardware;Relés y control;Unidad;34,20;38,00;SI;Tarifa instalador junio 2026 (dto 10%)
76;SHY-0076;KIT KANE-8 NYLON (Cuadro, 2 mandos, Fot, 4 CR-N);;;Hardware;Relés y control;Unidad;360,00;450,00;SI;Tarifa instalador junio 2026 (dto 20%)
77;SHY-0077;Shelly Dimmer 0/1-10V PM Gen4;Shelly;Dimmer 0/1-10V PM Gen4;Hardware;Iluminación;Unidad;20,66;24,30;SI;Tarifa instalador junio 2026 (dto 15%)
78;SHY-0078;Bombilla Multicolor Shelly E27 Gen3;Shelly;Bombilla Multicolor Shelly E27 Gen3;Hardware;Iluminación;Unidad;7,13;8,39;SI;Tarifa instalador junio 2026 (dto 15%)
79;SHY-0079;Bombilla Shelly Duo E27 Gen3;Shelly;Bombilla Shelly Duo E27 Gen3;Hardware;Iluminación;Unidad;7,13;8,39;SI;Tarifa instalador junio 2026 (dto 15%)
80;SHY-0080;Interruptor inteligente Bluettoth Shelly BLU Wall Switch 4 + LEGRAND;Shelly;Interruptor inteligente Bluettoth Shelly BLU Wall Switch 4 + LEGRAND;Hardware;Relés y control;Unidad;12,67;14,90;SI;Tarifa instalador junio 2026 (dto 15%)
81;SHY-0081;Shelly Wave Shutter;Shelly;Wave Shutter;Hardware;Persianas y motores;Unidad;32,30;38,00;SI;Tarifa instalador junio 2026 (dto 15%)
82;SHY-0082;Shelly Wave Door/Window LR;Shelly;Wave Door/Window LR;Hardware;Sensores;Unidad;22,40;32,00;SI;Tarifa instalador junio 2026 (dto 30%)
83;SHY-0083;Shelly Wave 1 Mini LR;Shelly;Wave 1 Mini LR;Hardware;Red y conectividad;Unidad;24,80;31,00;SI;Tarifa instalador junio 2026 (dto 20%)
84;SHY-0084;Shelly Wave 1pm Mini LR;Shelly;Wave 1pm Mini LR;Hardware;Red y conectividad;Unidad;23,10;33,00;SI;Tarifa instalador junio 2026 (dto 30%)
85;SHY-0085;Shelly Wave Pro 2pm LR;Shelly;Wave Pro 2pm LR;Hardware;Red y conectividad;Unidad;72,10;103,00;SI;Tarifa instalador junio 2026 (dto 30%)
86;SHY-0086;Shelly Wave Pro 3 (2025)LR;Shelly;Wave Pro 3 (2025)LR;Hardware;Red y conectividad;Unidad;74,20;106,00;SI;Tarifa instalador junio 2026 (dto 30%)
87;SHY-0087;Shelly Pro 3 - Canales 16A libres de potencial;Shelly;Pro 3 - Canales 16A libres de potencial;Hardware;Red y conectividad;Unidad;59,92;74,90;SI;Tarifa instalador junio 2026 (dto 20%)
88;SHY-0088;Shelly Pro Dual Cover PM- Control 2 persianas;Shelly;Pro Dual Cover PM- Control 2 persianas;Hardware;Persianas y motores;Unidad;70,18;87,72;SI;Tarifa instalador junio 2026 (dto 20%)
89;SHY-0089;Shelly 1L Gen3;Shelly;1L Gen3;Hardware;Red y conectividad;Unidad;23,21;27,30;SI;Tarifa instalador junio 2026 (dto 15%)
90;SHY-0090;Shelly 2L Gen3;Shelly;2L Gen3;Hardware;Red y conectividad;Unidad;26,42;31,08;SI;Tarifa instalador junio 2026 (dto 15%)
91;SHY-0091;Shelly Plus I4 DC;Shelly;Plus I4 DC;Hardware;Red y conectividad;Unidad;10,10;11,88;SI;Tarifa instalador junio 2026 (dto 15%)
92;SHY-0092;Shelly Dimmer Gen3;Shelly;Dimmer Gen3;Hardware;Iluminación;Unidad;21,42;25,20;SI;Tarifa instalador junio 2026 (dto 15%)
93;SHY-0093;Shelly PM Mini Gen3;Shelly;PM Mini Gen3;Hardware;Enchufes y consumo;Unidad;11,07;13,02;SI;Tarifa instalador junio 2026 (dto 15%)
94;SHY-0094;Shelly Dimmer 0/1-10V PM Gen3;Shelly;Dimmer 0/1-10V PM Gen3;Hardware;Iluminación;Unidad;18,56;21,84;SI;Tarifa instalador junio 2026 (dto 15%)
95;SHY-0095;Shelly 1PM Mini Gen3;Shelly;1PM Mini Gen3;Hardware;Red y conectividad;Unidad;10,71;12,60;SI;Tarifa instalador junio 2026 (dto 15%)
96;SHY-0096;Shelly 1PM Mini Gen4;Shelly;1PM Mini Gen4;Hardware;Red y conectividad;Unidad;15,71;18,48;SI;Tarifa instalador junio 2026 (dto 15%)
97;SHY-0097;Shelly 3EM-63T GEN3;Shelly;3EM-63T GEN3;Hardware;Enchufes y consumo;Unidad;63,20;79,00;SI;Tarifa instalador junio 2026 (dto 20%)
98;SHY-0098;Shelly 3EM-63W GEN3;Shelly;3EM-63W GEN3;Hardware;Enchufes y consumo;Unidad;63,20;79,00;SI;Tarifa instalador junio 2026 (dto 20%)
99;SHY-0099;Shelly Wave 1 Mini;Shelly;Wave 1 Mini;Hardware;Red y conectividad;Unidad;26,35;31,00;SI;Tarifa instalador junio 2026 (dto 15%)
100;SHY-0100;Shelly Wave PM Mini;Shelly;Wave PM Mini;Hardware;Enchufes y consumo;Unidad;25,50;30,00;SI;Tarifa instalador junio 2026 (dto 15%)
101;SHY-0101;Shelly Wave 1PM Mini;Shelly;Wave 1PM Mini;Hardware;Red y conectividad;Unidad;28,05;33,00;SI;Tarifa instalador junio 2026 (dto 15%)
102;SHY-0102;Shelly Wave Pro 1PM;Shelly;Wave Pro 1PM;Hardware;Red y conectividad;Unidad;62,40;78,00;SI;Tarifa instalador junio 2026 (dto 20%)
103;SHY-0103;Shelly Wave Pro Dimmer 1PM;Shelly;Wave Pro Dimmer 1PM;Hardware;Iluminación;Unidad;62,40;78,00;SI;Tarifa instalador junio 2026 (dto 20%)
104;SHY-0104;Shelly Wave Pro Dimmer 2PM;Shelly;Wave Pro Dimmer 2PM;Hardware;Iluminación;Unidad;76,80;96,00;SI;Tarifa instalador junio 2026 (dto 20%)
105;SHY-0105;Ogemray Smart relay 25A;;;Hardware;Red y conectividad;Unidad;17,20;20,23;SI;Tarifa instalador junio 2026 (dto 15%)
106;SHY-0106;Relé control de persianas Shelly Qubino Wave PRO Shutter 110 - 240V;Shelly;control de persianas Shelly Qubino Wave PRO Shutter 110 - 240V;Hardware;Persianas y motores;Unidad;83,20;104,00;SI;Tarifa instalador junio 2026 (dto 20%)
107;SHY-0107;Relé Shelly Qubino Wave i4 con 4 entradas digitales 110-240V CA;Shelly;Qubino Wave i4 con 4 entradas digitales 110-240V CA;Hardware;Red y conectividad;Unidad;26,35;31,00;SI;Tarifa instalador junio 2026 (dto 15%)
108;SHY-0108;Shelly Plug M Gen3 BLACK;Shelly;Plug M Gen3 BLACK;Hardware;Enchufes y consumo;Unidad;18,56;21,84;SI;Tarifa instalador junio 2026 (dto 15%)
109;SHY-0109;Shelly Plug M Gen3 White;Shelly;Plug M Gen3 White;Hardware;Enchufes y consumo;Unidad;18,56;21,84;SI;Tarifa instalador junio 2026 (dto 15%)
110;SHY-0110;Shelly Plug PM Gen3 Negro;Shelly;Plug PM Gen3 Negro;Hardware;Enchufes y consumo;Unidad;16,65;19,59;SI;Tarifa instalador junio 2026 (dto 15%)
111;SHY-0111;Shelly Plug PM Gen3 Blanco;Shelly;Plug PM Gen3 Blanco;Hardware;Enchufes y consumo;Unidad;16,65;19,59;SI;Tarifa instalador junio 2026 (dto 15%)
112;SHY-0112;Shelly Plug S Gen3 White-MATTER;Shelly;Plug S Gen3 White-MATTER;Hardware;Enchufes y consumo;Unidad;16,92;19,90;SI;Tarifa instalador junio 2026 (dto 15%)
113;SHY-0113;Shelly Plug S Gen3 Black- MATTER;Shelly;Plug S Gen3 Black- MATTER;Hardware;Enchufes y consumo;Unidad;16,92;19,90;SI;Tarifa instalador junio 2026 (dto 15%)
114;SHY-0114;Shelly Duo - bombilla inteligente;Shelly;Duo - bombilla inteligente;Hardware;Iluminación;Unidad;10,12;11,90;SI;Tarifa instalador junio 2026 (dto 15%)
115;SHY-0115;Shelly Duo G10 - bombilla inteligente;Shelly;Duo G10 - bombilla inteligente;Hardware;Iluminación;Unidad;10,12;11,90;SI;Tarifa instalador junio 2026 (dto 15%)
116;SHY-0116;Shelly DUO-RGBW - bombilla inteligente;Shelly;DUO-RGBW - bombilla inteligente;Hardware;Iluminación;Unidad;10,12;11,90;SI;Tarifa instalador junio 2026 (dto 15%)
117;SHY-0117;Shelly Vintage G125 - bombilla inteligente;Shelly;Vintage G125 - bombilla inteligente;Hardware;Iluminación;Unidad;17,77;20,90;SI;Tarifa instalador junio 2026 (dto 15%)
118;SHY-0118;Shelly Vintage A60 - bombilla inteligente;Shelly;Vintage A60 - bombilla inteligente;Hardware;Iluminación;Unidad;10,12;11,90;SI;Tarifa instalador junio 2026 (dto 15%)
119;SHY-0119;Shelly Vintage ST64 - bombilla inteligente;Shelly;Vintage ST64 - bombilla inteligente;Hardware;Iluminación;Unidad;10,12;11,90;SI;Tarifa instalador junio 2026 (dto 15%)
120;SHY-0120;Shelly Plus Plug S;Shelly;Plus Plug S;Hardware;Enchufes y consumo;Unidad;17,00;20,00;SI;Tarifa instalador junio 2026 (dto 15%)
121;SHY-0121;Shelly Wave Outdoor Plug S LR;Shelly;Wave Outdoor Plug S LR;Hardware;Enchufes y consumo;Unidad;47,60;56,00;SI;Tarifa instalador junio 2026 (dto 15%)
122;SHY-0122;Shelly Outdoor Plug S Gen3;Shelly;Outdoor Plug S Gen3;Hardware;Enchufes y consumo;Unidad;22,86;26,89;SI;Tarifa instalador junio 2026 (dto 15%)
123;SHY-0123;Detector de humo Shelly Plus Smoke Alarm;Shelly;Detector de humo Shelly Plus Smoke Alarm;Hardware;Sensores;Unidad;30,03;35,33;SI;Tarifa instalador junio 2026 (dto 15%)
124;SHY-0124;Shelly BLU Puerta/Ventana -negro;Shelly;BLU Puerta/Ventana -negro;Hardware;Sensores;Unidad;11,90;14,00;SI;Tarifa instalador junio 2026 (dto 15%)
125;SHY-0125;Shelly BLU Door/Window - blanco;Shelly;BLU Door/Window - blanco;Hardware;Sensores;Unidad;11,90;14,00;SI;Tarifa instalador junio 2026 (dto 15%)
126;SHY-0126;Shelly BLU Door/Window- Brown;Shelly;BLU Door/Window- Brown;Hardware;Sensores;Unidad;11,90;14,00;SI;Tarifa instalador junio 2026 (dto 15%)
127;SHY-0127;Shelly BLU H&T marfil;Shelly;BLU H&T marfil;Hardware;Sensores;Unidad;15,22;17,90;SI;Tarifa instalador junio 2026 (dto 15%)
128;SHY-0128;Shelly BLU H&T moca;Shelly;BLU H&T moca;Hardware;Sensores;Unidad;15,22;17,90;SI;Tarifa instalador junio 2026 (dto 15%)
129;SHY-0129;Shelly BLU H&T negro;Shelly;BLU H&T negro;Hardware;Sensores;Unidad;15,22;17,90;SI;Tarifa instalador junio 2026 (dto 15%)
130;SHY-0130;Shelly Wave i4 DC;Shelly;Wave i4 DC;Hardware;Sensores;Unidad;26,35;31,00;SI;Tarifa instalador junio 2026 (dto 15%)
131;SHY-0131;Shelly i4 Gen3;Shelly;i4 Gen3;Hardware;Sensores;Unidad;11,42;13,44;SI;Tarifa instalador junio 2026 (dto 15%)
132;SHY-0132;Shelly H&T Gen3- Blanco;Shelly;H&T Gen3- Blanco;Hardware;Sensores;Unidad;27,12;31,90;SI;Tarifa instalador junio 2026 (dto 15%)
133;SHY-0133;Shelly H&T Gen3 Moca;Shelly;H&T Gen3 Moca;Hardware;Sensores;Unidad;27,12;31,90;SI;Tarifa instalador junio 2026 (dto 15%)
134;SHY-0134;Shelly H&T Gen3- Ivory;Shelly;H&T Gen3- Ivory;Hardware;Sensores;Unidad;27,12;31,90;SI;Tarifa instalador junio 2026 (dto 15%)
135;SHY-0135;Shelly H&T Gen3 Negro Mate;Shelly;H&T Gen3 Negro Mate;Hardware;Sensores;Unidad;27,12;31,90;SI;Tarifa instalador junio 2026 (dto 15%)
136;SHY-0136;Shelly BLU Button1 - negro;Shelly;BLU Button1 - negro;Hardware;Sensores;Unidad;12,67;14,90;SI;Tarifa instalador junio 2026 (dto 15%)
137;SHY-0137;Shelly BLU Button1 - blanco;Shelly;BLU Button1 - blanco;Hardware;Sensores;Unidad;12,67;14,90;SI;Tarifa instalador junio 2026 (dto 15%)
138;SHY-0138;Shelly BLU Button Tough 1- negro;Shelly;BLU Button Tough 1- negro;Hardware;Sensores;Unidad;14,37;16,90;SI;Tarifa instalador junio 2026 (dto 15%)
139;SHY-0139;Shelly Botón BLU Tough 1 Moca;Shelly;Botón BLU Tough 1 Moca;Hardware;Sensores;Unidad;12,67;14,91;SI;Tarifa instalador junio 2026 (dto 15%)
140;SHY-0140;Shelly BLU Button Tough 1- marfil;Shelly;BLU Button Tough 1- marfil;Hardware;Sensores;Unidad;12,67;14,90;SI;Tarifa instalador junio 2026 (dto 15%)
141;SHY-0141;Shelly Motion - sensor de movimiento;Shelly;Motion - sensor de movimiento;Hardware;Sensores;Unidad;28,02;32,97;SI;Tarifa instalador junio 2026 (dto 15%)
142;SHY-0142;Shelly BLU Motion;Shelly;BLU Motion;Hardware;Sensores;Unidad;14,76;17,36;SI;Tarifa instalador junio 2026 (dto 15%)
143;SHY-0143;Shelly BLU Wall Switch 4 - Stand-Alone;Shelly;BLU Wall Switch 4 - Stand-Alone;Hardware;Sensores;Unidad;12,67;14,90;SI;Tarifa instalador junio 2026 (dto 15%)
144;SHY-0144;Shelly Wall Display X2 Silver+BLU H&T Ivory;Shelly;Wall Display X2 Silver+BLU H&T Ivory;Hardware;Sensores;Unidad;145,27;170,90;SI;Tarifa instalador junio 2026 (dto 15%)
145;SHY-0145;LinkedGo Smart HVAC thermostat;LinkedGo;;Hardware;Climatización;Unidad;77,42;91,08;SI;Tarifa instalador junio 2026 (dto 15%)
146;SHY-0146;Kit panel de control Shelly Wall Display White + sensor BLU H&T Ivory;Shelly;Kit panel de control Shelly Wall Display White + sensor BLU H&T Ivory;Hardware;Sensores;Unidad;93,84;110,40;SI;Tarifa instalador junio 2026 (dto 15%)
147;SHY-0147;Neo Smart Water Valve;Neo;;Hardware;Climatización;Unidad;233,10;259,00;SI;Tarifa instalador junio 2026 (dto 10%)
148;SHY-0148;Sensor Shelly Flood - detector de inundación;Shelly;Sensor Shelly Flood - detector de inundación;Hardware;Sensores;Unidad;15,40;22,00;SI;Tarifa instalador junio 2026 (dto 30%)
149;SHY-0149;Shelly sonda de temperatura para Addon 1 metro de cable;Shelly;sonda de temperatura para Addon 1 metro de cable;Hardware;Red y conectividad;Unidad;2,47;2,90;SI;Tarifa instalador junio 2026 (dto 15%)
150;SHY-0150;Shelly BLU RC Button 4;Shelly;BLU RC Button 4;Hardware;Sensores;Unidad;12,67;14,90;SI;Tarifa instalador junio 2026 (dto 15%)
151;SHY-0151;Shelly Plus Add-On;Shelly;Plus Add-On;Hardware;Red y conectividad;Unidad;11,48;13,50;SI;Tarifa instalador junio 2026 (dto 15%)
152;SHY-0152;Sensor Shelly Gas CNG - detector de gas natural;Shelly;Sensor Shelly Gas CNG - detector de gas natural;Hardware;Sensores;Unidad;41,23;48,50;SI;Tarifa instalador junio 2026 (dto 15%)
153;SHY-0153;Shelly BLU Button1 - azul;Shelly;BLU Button1 - azul;Hardware;Sensores;Unidad;12,67;14,90;SI;Tarifa instalador junio 2026 (dto 15%)
154;SHY-0154;Sensor Shelly Gas LPG detector de gas licuado;Shelly;Sensor Shelly Gas LPG detector de gas licuado;Hardware;Sensores;Unidad;41,23;48,50;SI;Tarifa instalador junio 2026 (dto 15%)
155;SHY-0155;Shelly Wall Display blanco - Panel de control con relé y sensores;Shelly;Wall Display blanco - Panel de control con relé y sensores;Hardware;Sensores;Unidad;101,15;119,00;SI;Tarifa instalador junio 2026 (dto 15%)
156;SHY-0156;LOQED Touch Smart Lock Black Edition;LOQED;;Hardware;Accesos y cerraduras;Unidad;188,32;209,24;SI;Tarifa instalador junio 2026 (dto 10%)
157;SHY-0157;LinkedGo Smart floor heating thermostat;LinkedGo;;Hardware;Climatización;Unidad;48,83;57,45;SI;Tarifa instalador junio 2026 (dto 15%)
158;SHY-0158;Shelly Wall Display+BLU H&T - negro;Shelly;Wall Display+BLU H&T - negro;Hardware;Sensores;Unidad;93,84;110,40;SI;Tarifa instalador junio 2026 (dto 15%)
159;SHY-0159;Shelly BLU TRV- pack 3;Shelly;BLU TRV- pack 3;Hardware;Packs;Conjunto;110,42;129,90;SI;Tarifa instalador junio 2026 (dto 15%)
160;SHY-0160;Shelly BLU TRV- PACK 2;Shelly;BLU TRV- PACK 2;Hardware;Packs;Conjunto;74,80;88,00;SI;Tarifa instalador junio 2026 (dto 15%)
161;SHY-0161;Shelly Plug S Gen3 MTR White Pack x5;Shelly;Plug S Gen3 MTR White Pack x5;Hardware;Packs;Conjunto;80,35;94,53;SI;Tarifa instalador junio 2026 (dto 15%)
162;SHY-0162;Shelly Plug M Gen3 White X2;Shelly;Plug M Gen3 White X2;Hardware;Packs;Conjunto;28,56;33,60;SI;Tarifa instalador junio 2026 (dto 15%)
163;SHY-0163;Shelly Plug M Gen3 black X2;Shelly;Plug M Gen3 black X2;Hardware;Packs;Conjunto;28,56;33,60;SI;Tarifa instalador junio 2026 (dto 15%)
164;SHY-0164;Shelly Plug M Gen3 White X4;Shelly;Plug M Gen3 White X4;Hardware;Packs;Conjunto;54,28;63,86;SI;Tarifa instalador junio 2026 (dto 15%)
165;SHY-0165;Shelly Plug M Gen3 black X4;Shelly;Plug M Gen3 black X4;Hardware;Packs;Conjunto;54,28;63,86;SI;Tarifa instalador junio 2026 (dto 15%)
166;SHY-0166;PACK SMART SECURITY X3;;;Hardware;Packs;Conjunto;101,91;113,23;SI;Tarifa instalador junio 2026 (dto 10%)
167;SHY-0167;PACK CONTROL CLIMATICO INTELIGENTE;;;Hardware;Packs;Conjunto;318,07;374,20;SI;Tarifa instalador junio 2026 (dto 15%)
168;SHY-0168;Pack Puerta Corredera KANE-800 Control Total;;;Hardware;Packs;Conjunto;420,44;494,63;SI;Tarifa instalador junio 2026 (dto 15%)
169;SHY-0169;PACK 2 SHELLY 1 GEN3 + 2 SHELLY 1PM GEN3;Shelly;PACK 2 SHELLY 1 GEN3 + 2 SHELLY 1PM GEN3;Hardware;Packs;Conjunto;46,28;48,72;SI;Tarifa instalador junio 2026 (dto 5%)
170;SHY-0170;PACK GESTION ENERGETICA PRO;;;Hardware;Packs;Conjunto;172,46;229,95;SI;Tarifa instalador junio 2026 (dto 25%)
171;SHY-0171;PACK CUADRO PROFESIONAL;;;Hardware;Packs;Conjunto;218,22;272,78;SI;Tarifa instalador junio 2026 (dto 20%)
172;SHY-0172;PACK ANTIRROBO;;;Hardware;Packs;Conjunto;204,78;255,97;SI;Tarifa instalador junio 2026 (dto 20%)
173;SHY-0173;PACK MEDICION + ILUMINACION;;;Hardware;Packs;Conjunto;182,45;228,06;SI;Tarifa instalador junio 2026 (dto 20%)
174;SHY-0174;PACK ILUMINACION SMART LED RGB;;;Hardware;Packs;Conjunto;54,64;78,06;SI;Tarifa instalador junio 2026 (dto 30%)
175;SHY-0175;PACK CONTROL 6 DOWNLIGHTS;;;Hardware;Packs;Conjunto;83,34;92,60;SI;Tarifa instalador junio 2026 (dto 10%)
176;SHY-0176;"Pack Reforma Inteligente ""Doble Zona"": 10 Downlights Pro + Shelly 2PM";Shelly;"Pack Reforma Inteligente ""Doble Zona"": 10 Downlights Pro + Shelly 2PM";Hardware;Packs;Conjunto;98,70;141,00;SI;Tarifa instalador junio 2026 (dto 30%)
177;SHY-0177;Pack Iluminación Industrial: 1 Shelly PRO 1 + 2 CAMPANAS 1/10V 100W;Shelly;Pack Iluminación Industrial: 1 Shelly PRO 1 + 2 CAMPANAS 1/10V 100W;Hardware;Packs;Conjunto;231,32;385,54;SI;Tarifa instalador junio 2026 (dto 40%)
178;SHY-0178;Shelly EM Mini Gen4 PACK 2;Shelly;EM Mini Gen4 PACK 2;Hardware;Packs;Conjunto;26,34;32,93;SI;Tarifa instalador junio 2026 (dto 20%)
179;SHY-0179;Shelly 1 Mini Gen3 x2;Shelly;1 Mini Gen3 x2;Hardware;Packs;Conjunto;19,59;23,05;SI;Tarifa instalador junio 2026 (dto 15%)
180;SHY-0180;Shelly 1mini Gen4 2-pack;Shelly;1mini Gen4 2-pack;Hardware;Packs;Conjunto;27,99;32,93;SI;Tarifa instalador junio 2026 (dto 15%)
181;SHY-0181;Shelly 1PM Mini Gen3 x2;Shelly;1PM Mini Gen3 x2;Hardware;Packs;Conjunto;21,00;24,70;SI;Tarifa instalador junio 2026 (dto 15%)
182;SHY-0182;Shelly 1PM mini Gen4 2-pack;Shelly;1PM mini Gen4 2-pack;Hardware;Packs;Conjunto;30,79;36,22;SI;Tarifa instalador junio 2026 (dto 15%)
183;SHY-0183;Shelly 1 Gen3- PACK 2;Shelly;1 Gen3- PACK 2;Hardware;Packs;Conjunto;19,59;23,05;SI;Tarifa instalador junio 2026 (dto 15%)
184;SHY-0184;Shelly 1 Gen3 x4;Shelly;1 Gen3 x4;Hardware;Packs;Conjunto;38,39;45,16;SI;Tarifa instalador junio 2026 (dto 15%)
185;SHY-0185;Shelly 1 Gen4 PACK 2;Shelly;1 Gen4 PACK 2;Hardware;Packs;Conjunto;27,99;32,93;SI;Tarifa instalador junio 2026 (dto 15%)
186;SHY-0186;Shelly 1 Gen4 4-pack;Shelly;1 Gen4 4-pack;Hardware;Packs;Conjunto;54,83;64,51;SI;Tarifa instalador junio 2026 (dto 15%)
187;SHY-0187;Shelly 1PM Gen3- PACK 2;Shelly;1PM Gen3- PACK 2;Hardware;Packs;Conjunto;21,00;24,70;SI;Tarifa instalador junio 2026 (dto 15%)
188;SHY-0188;Shelly 1PM Gen3 x4;Shelly;1PM Gen3 x4;Hardware;Packs;Conjunto;41,12;48,38;SI;Tarifa instalador junio 2026 (dto 15%)
189;SHY-0189;Shelly 1PM Gen4 PACK 2;Shelly;1PM Gen4 PACK 2;Hardware;Packs;Conjunto;30,79;36,22;SI;Tarifa instalador junio 2026 (dto 15%)
190;SHY-0190;Shelly 1PM Gen4 4-pack;Shelly;1PM Gen4 4-pack;Hardware;Packs;Conjunto;60,32;70,96;SI;Tarifa instalador junio 2026 (dto 15%)
191;SHY-0191;Shelly 2PM Gen3- PACK 2;Shelly;2PM Gen3- PACK 2;Hardware;Packs;Conjunto;27,99;32,93;SI;Tarifa instalador junio 2026 (dto 15%)
192;SHY-0192;Shelly 2PM Gen3 x4;Shelly;2PM Gen3 x4;Hardware;Packs;Conjunto;54,83;64,51;SI;Tarifa instalador junio 2026 (dto 15%)
193;SHY-0193;Shelly 2PM Gen4 x2;Shelly;2PM Gen4 x2;Hardware;Packs;Conjunto;41,98;49,39;SI;Tarifa instalador junio 2026 (dto 15%)
194;SHY-0194;Shelly 2PM Gen4 PACK 4;Shelly;2PM Gen4 PACK 4;Hardware;Packs;Conjunto;82,25;96,77;SI;Tarifa instalador junio 2026 (dto 15%)
195;SHY-0195;Pack doble medidor consumo Shelly;Shelly;Pack doble medidor consumo Shelly;Hardware;Packs;Conjunto;41,44;51,80;SI;Tarifa instalador junio 2026 (dto 20%)
196;SHY-0196;Pack Principiante Inteligente: 1 Shelly Plus 1PM + 1 Downlight Circular;Shelly;Pack Principiante Inteligente: 1 Shelly Plus 1PM + 1 Downlight Circular;Hardware;Packs;Conjunto;21,07;30,10;SI;Tarifa instalador junio 2026 (dto 30%)
197;SHY-0197;Pack sensor de temperatura Shelly Plus;Shelly;Pack sensor de temperatura Shelly Plus;Hardware;Packs;Conjunto;23,94;28,16;SI;Tarifa instalador junio 2026 (dto 15%)
198;SHY-0198;Pack puerta automática Shelly Plus;Shelly;Pack puerta automática Shelly Plus;Hardware;Packs;Conjunto;23,57;27,73;SI;Tarifa instalador junio 2026 (dto 15%)
199;SHY-0199;Pack gestión de excedente;;;Hardware;Packs;Conjunto;49,60;62,00;SI;Tarifa instalador junio 2026 (dto 20%)
200;SHY-0200;Pack contador de agua 3/4;;;Hardware;Packs;Conjunto;23,89;28,10;SI;Tarifa instalador junio 2026 (dto 15%)
201;SHY-0201;Pack medidor de temperatura para piscina con programador de bomba;;;Hardware;Packs;Conjunto;32,49;38,22;SI;Tarifa instalador junio 2026 (dto 15%)
202;SHY-0202;Pack medidor de temperatura para piscina con programador de bomba;;;Hardware;Packs;Conjunto;30,32;40,43;SI;Tarifa instalador junio 2026 (dto 25%)
203;SHY-0203;Shelly LoRa Add-on PACK 2;Shelly;LoRa Add-on PACK 2;Hardware;Packs;Conjunto;26,27;30,90;SI;Tarifa instalador junio 2026 (dto 15%)
204;SHY-0204;Pack Puerta automática y mando;;;Hardware;Packs;Conjunto;22,66;26,66;SI;Tarifa instalador junio 2026 (dto 15%)
205;SHY-0205;Pack control de nivel líquido;;;Hardware;Packs;Conjunto;29,90;35,18;SI;Tarifa instalador junio 2026 (dto 15%)
206;SHY-0206;Pack Bienvenida Garaje: 1 Shelly Gen 3 + 1 Shelly Motion + Foco Led;Shelly;Pack Bienvenida Garaje: 1 Shelly Gen 3 + 1 Shelly Motion + Foco Led;Hardware;Packs;Conjunto;48,56;57,13;SI;Tarifa instalador junio 2026 (dto 15%)
207;SHY-0207;Pack Pasillo Inteligente: 1 Shelly 1 Gen3 + 2 Downlights Superficie;Shelly;Pack Pasillo Inteligente: 1 Shelly 1 Gen3 + 2 Downlights Superficie;Hardware;Packs;Conjunto;21,56;30,80;SI;Tarifa instalador junio 2026 (dto 30%)
208;SHY-0208;Pack Fachada Inteligente: 2 APLIQUE PARED LED 2x7W 1470lm 90º;;;Hardware;Packs;Conjunto;62,23;88,90;SI;Tarifa instalador junio 2026 (dto 30%)
209;SHY-0209;Shelly Split Core 50A pinza - transformador de corriente;Shelly;Split Core 50A pinza - transformador de corriente;Hardware;Enchufes y consumo;Unidad;9,27;10,90;SI;Tarifa instalador junio 2026 (dto 15%)
210;SHY-0210;Shelly Wall Switch 1 - pulsador blanco;Shelly;Wall Switch 1 - pulsador blanco;Hardware;Sensores;Unidad;6,12;7,20;SI;Tarifa instalador junio 2026 (dto 15%)
211;SHY-0211;Shelly pulsador pared 1 negro;Shelly;pulsador pared 1 negro;Hardware;Sensores;Unidad;6,12;7,20;SI;Tarifa instalador junio 2026 (dto 15%)
212;SHY-0212;Shelly marco 2 negro;Shelly;marco 2 negro;Hardware;Accesorios;Unidad;5,87;6,90;SI;Tarifa instalador junio 2026 (dto 15%)
213;SHY-0213;Shelly pulsador pared 2 negro;Shelly;pulsador pared 2 negro;Hardware;Sensores;Unidad;6,12;7,20;SI;Tarifa instalador junio 2026 (dto 15%)
214;SHY-0214;Shelly pulsador pared 2 blanco;Shelly;pulsador pared 2 blanco;Hardware;Sensores;Unidad;6,12;7,20;SI;Tarifa instalador junio 2026 (dto 15%)
215;SHY-0215;Shelly marco interruptor pared 1 blanco;Shelly;marco interruptor pared 1 blanco;Hardware;Accesorios;Unidad;3,32;3,90;SI;Tarifa instalador junio 2026 (dto 15%)
216;SHY-0216;Shelly marco interruptor pared 2 blanco;Shelly;marco interruptor pared 2 blanco;Hardware;Accesorios;Unidad;5,87;6,90;SI;Tarifa instalador junio 2026 (dto 15%)
217;SHY-0217;Toma de corriente Shelly blanca;Shelly;Toma de corriente Shelly blanca;Hardware;Accesorios;Unidad;6,12;7,20;SI;Tarifa instalador junio 2026 (dto 15%)
218;SHY-0218;Shelly marco 1 negro;Shelly;marco 1 negro;Hardware;Accesorios;Unidad;3,32;3,90;SI;Tarifa instalador junio 2026 (dto 15%)
219;SHY-0219;Toma de corriente Shelly negra;Shelly;Toma de corriente Shelly negra;Hardware;Accesorios;Unidad;6,12;7,20;SI;Tarifa instalador junio 2026 (dto 15%)
220;SHY-0220;Shelly Split Core 120A - transformador de corriente;Shelly;Split Core 120A - transformador de corriente;Hardware;Accesorios;Unidad;12,33;14,50;SI;Tarifa instalador junio 2026 (dto 15%)
221;SHY-0221;Shelly BLU Gateway;Shelly;BLU Gateway;Hardware;Red y conectividad;Unidad;12,67;14,90;SI;Tarifa instalador junio 2026 (dto 15%)
222;SHY-0222;Shelly pulsador pared 4 negro;Shelly;pulsador pared 4 negro;Hardware;Sensores;Unidad;6,12;7,20;SI;Tarifa instalador junio 2026 (dto 15%)
223;SHY-0223;Shelly By Pass;Shelly;By Pass;Hardware;Accesorios;Unidad;2,47;2,90;SI;Tarifa instalador junio 2026 (dto 15%)
224;SHY-0224;Shelly LoRa Add-on;Shelly;LoRa Add-on;Hardware;Red y conectividad;Unidad;13,52;15,90;SI;Tarifa instalador junio 2026 (dto 15%)
225;SHY-0225;RC SNUBBER- filtro picos de tensión;;;Hardware;Accesorios;Unidad;2,13;2,50;SI;Tarifa instalador junio 2026 (dto 15%)
226;SHY-0226;Accionador Shelly gas add-on manipulador;Shelly;Accionador Shelly gas add-on manipulador;Hardware;Sensores;Unidad;15,73;18,50;SI;Tarifa instalador junio 2026 (dto 15%)
227;SHY-0227;Shelly USB Charger-Wall Display Stand white;Shelly;USB Charger-Wall Display Stand white;Hardware;Accesorios;Unidad;6,79;7,99;SI;Tarifa instalador junio 2026 (dto 15%)
228;SHY-0228;Shelly marco 3 negro;Shelly;marco 3 negro;Hardware;Accesorios;Unidad;7,57;8,90;SI;Tarifa instalador junio 2026 (dto 15%)
229;SHY-0229;Shelly Wall Display Stand Black;Shelly;Wall Display Stand Black;Hardware;Accesorios;Unidad;16,07;18,90;SI;Tarifa instalador junio 2026 (dto 15%)
230;SHY-0230;Shelly LAN Switch;Shelly;LAN Switch;Hardware;Accesorios;Unidad;44,98;52,92;SI;Tarifa instalador junio 2026 (dto 15%)
231;SHY-0231;FrankEver Smart water valve DN15;FrankEver;;Hardware;Climatización;Unidad;79,94;94,05;SI;Tarifa instalador junio 2026 (dto 15%)
232;SHY-0232;Shelly marco interruptor pared 3 blanco;Shelly;marco interruptor pared 3 blanco;Hardware;Accesorios;Unidad;7,57;8,90;SI;Tarifa instalador junio 2026 (dto 15%)
233;SHY-0233;Shelly pulsador 4 blanco;Shelly;pulsador 4 blanco;Hardware;Sensores;Unidad;6,12;7,20;SI;Tarifa instalador junio 2026 (dto 15%)
234;SHY-0234;FrankEver Smart water valve DN20;FrankEver;;Hardware;Climatización;Unidad;83,47;98,20;SI;Tarifa instalador junio 2026 (dto 15%)
235;SHY-0235;FrankEver Smart water valve DN25;FrankEver;;Hardware;Climatización;Unidad;91,19;107,28;SI;Tarifa instalador junio 2026 (dto 15%)
236;SHY-0236;Shelly Bypass for 1L/2L;Shelly;Bypass for 1L/2L;Hardware;Accesorios;Unidad;3,32;3,90;SI;Tarifa instalador junio 2026 (dto 15%)
237;SHY-0237;Shelly Bypass for Dimmer Gen3;Shelly;Bypass for Dimmer Gen3;Hardware;Iluminación;Unidad;3,32;3,90;SI;Tarifa instalador junio 2026 (dto 15%)
238;SHY-0238;Shelly 80A Current Transformer with connector;Shelly;80A Current Transformer with connector;Hardware;Enchufes y consumo;Unidad;10,20;12,00;SI;Tarifa instalador junio 2026 (dto 15%)
239;SHY-0239;Shelly 50A current ?ransf. Pro EM-50 and EM Gen3;Shelly;50A current ?ransf. Pro EM-50 and EM Gen3;Hardware;Enchufes y consumo;Unidad;9,27;10,90;SI;Tarifa instalador junio 2026 (dto 15%)
240;SHY-0240;Shelly Wave Door/Window EU;Shelly;Wave Door/Window EU;Hardware;Sensores;Unidad;27,20;32,00;SI;Tarifa instalador junio 2026 (dto 15%)
241;SHY-0241;Shelly Wave Plug S;Shelly;Wave Plug S;Hardware;Enchufes y consumo;Unidad;34,00;40,00;SI;Tarifa instalador junio 2026 (dto 15%)
242;SHY-0242;Shelly Wave Plug S Black LR;Shelly;Wave Plug S Black LR;Hardware;Enchufes y consumo;Unidad;34,00;40,00;SI;Tarifa instalador junio 2026 (dto 15%)
243;SHY-0243;LOQED Touch Smart Lock- SILVER;LOQED;;Hardware;Accesos y cerraduras;Unidad;177,85;209,24;SI;Tarifa instalador junio 2026 (dto 15%)
244;SHY-0244;Contactor MAXGE;;;Hardware;Relés y control;Unidad;14,10;16,59;SI;Tarifa instalador junio 2026 (dto 15%)
245;SHY-0245;Shelly Flood Gen4;Shelly;Flood Gen4;Hardware;Sensores;Unidad;24,99;29,40;SI;Tarifa instalador junio 2026 (dto 15%)
246;SHY-0246;Shelly Leak Sensor Cable;Shelly;Leak Sensor Cable;Hardware;Sensores;Unidad;5,02;5,90;SI;Tarifa instalador junio 2026 (dto 15%)
247;SHY-0247;Shelly Power Strip 4 Gen4 White;Shelly;Power Strip 4 Gen4 White;Hardware;Iluminación;Unidad;42,79;50,34;SI;Tarifa instalador junio 2026 (dto 15%)
248;SHY-0248;Shelly Power Strip 4 Gen4 Black;Shelly;Power Strip 4 Gen4 Black;Hardware;Iluminación;Unidad;42,79;50,34;SI;Tarifa instalador junio 2026 (dto 15%)
249;SHY-0249;LOQED Power Kit;LOQED;;Hardware;Relés y control;Unidad;44,96;49,95;SI;Tarifa instalador junio 2026 (dto 10%)
250;SHY-0250;Hub de casa inteligente;;;Hardware;Red y conectividad;Unidad;66,33;73,70;SI;Tarifa instalador junio 2026 (dto 10%)
251;SHY-0251;Shelly Wave H&T;Shelly;Wave H&T;Hardware;Sensores;Unidad;28,05;33,00;SI;Tarifa instalador junio 2026 (dto 15%)
252;SHY-0252;Shelly Wave Motion;Shelly;Wave Motion;Hardware;Sensores;Unidad;27,00;36,00;SI;Tarifa instalador junio 2026 (dto 25%)
253;SHY-0253;Ecowitt Weather Station WS90;;;Hardware;Relés y control;Unidad;159,66;177,40;SI;Tarifa instalador junio 2026 (dto 10%)
254;SHY-0254;Shelly 1- Channel Decoupler 230V;Shelly;1- Channel Decoupler 230V;Hardware;Relés y control;Unidad;2,98;3,50;SI;Tarifa instalador junio 2026 (dto 15%)
255;SHY-0255;Shelly 4- Channel Decoupler 230V;Shelly;4- Channel Decoupler 230V;Hardware;Relés y control;Unidad;5,02;5,90;SI;Tarifa instalador junio 2026 (dto 15%)
256;SHY-0256;TopAC Portable EV charger 11kW EVE01-11R;;;Hardware;Relés y control;Unidad;196,65;207,00;SI;Tarifa instalador junio 2026 (dto 5%)
257;SHY-0257;Shelly BLU Remote Control ZB White;Shelly;BLU Remote Control ZB White;Hardware;Sensores;Unidad;21,69;25,52;SI;Tarifa instalador junio 2026 (dto 15%)
258;SHY-0258;Shelly BLU Remote Control ZB Black;Shelly;BLU Remote Control ZB Black;Hardware;Sensores;Unidad;21,69;25,52;SI;Tarifa instalador junio 2026 (dto 15%)
259;SHY-0259;Shelly BLU Distance;Shelly;BLU Distance;Hardware;Sensores;Unidad;24,57;28,91;SI;Tarifa instalador junio 2026 (dto 15%)
260;SHY-0260;Conjunto protecciones trifáscas;;;Hardware;Relés y control;Unidad;207,00;230,00;SI;Tarifa instalador junio 2026 (dto 10%)
261;SHY-0261;Shelly Cloud Premium B2B Service;Shelly;Cloud Premium B2B Service;Servicio;Relés y control;Unidad;25,49;29,99;SI;Tarifa instalador junio 2026 (dto 15%)
